<Exception><ExceptionRecord ModuleName="C:\Program Files (x86)\Generalplus\unSPIDE 4.0.6\unspIDE.exe" CommandLine="&quot;C:\Program Files (x86)\Generalplus\unSPIDE 4.0.6\unspIDE.exe&quot; &quot;D:\Prj_GPCE3400\ZAT001A\soft\V07_95_newmove_sleep_NewPCB\GPCE3400A_Demo.spj&quot;" ExceptionCode="0xc0000005" ExceptionDescription="EXCEPTION_ACCESS_VIOLATION" ExceptionAddress="0x49b79c"/><Processor Architecture="PROCESSOR_ARCHITECTURE_INTEL" Level="Intel Pentium Pro or Pentium II" NumberOfProcessors="8"/><OperatingSystem MajorVersion="6" MinorVersion="2" BuildNumber="9200" CSDVersion=""/><Modules><Module FullPath="C:\Program Files (x86)\Generalplus\unSPIDE 4.0.6\unspIDE.exe" BaseAddress="0x00400000" Size="0x00781000" TimeStamp="07/03/2023 15:08:54" FileVersion="4.0.6.0" ProductVersion="4.0.6.0"/><Module FullPath="C:\Windows\System32\ntdll.dll" BaseAddress="0x777b0000" Size="0x001a4000" TimeStamp="10/10/2024 10:17:59" FileVersion="6.2.19041.5007" ProductVersion="10.0.19041.5007"/><Module FullPath="C:\Windows\System32\kernel32.dll" BaseAddress="0x758f0000" Size="0x000f0000" TimeStamp="11/13/2024 10:46:51" FileVersion="6.2.19041.5072" ProductVersion="10.0.19041.5072"/><Module FullPath="C:\Windows\System32\KERNELBASE.dll" BaseAddress="0x76590000" Size="0x0023f000" TimeStamp="11/13/2024 10:46:29" FileVersion="6.2.19041.5131" ProductVersion="10.0.19041.5131"/><Module FullPath="C:\Windows\System32\apphelp.dll" BaseAddress="0x714a0000" Size="0x000a4000" TimeStamp="11/13/2024 10:46:58" FileVersion="6.2.19041.5072" ProductVersion="10.0.19041.5072"/><Module FullPath="C:\Windows\System32\AcGenral.dll" BaseAddress="0x77da0000" Size="0x00253000" TimeStamp="11/15/2023 12:31:48" FileVersion="6.2.19041.3636" ProductVersion="10.0.19041.3636"/><Module FullPath="C:\Windows\System32\msvcrt.dll" BaseAddress="0x776e0000" Size="0x000bf000" TimeStamp="11/15/2023 12:23:52" FileVersion="7.0.19041.3636" ProductVersion="10.0.19041.3636"/><Module FullPath="C:\Windows\System32\sechost.dll" BaseAddress="0x760b0000" Size="0x00077000" TimeStamp="11/13/2024 10:46:49" FileVersion="6.2.19041.5072" ProductVersion="10.0.19041.5072"/><Module FullPath="C:\Windows\System32\rpcrt4.dll" BaseAddress="0x767d0000" Size="0x000bc000" TimeStamp="10/10/2024 10:18:00" FileVersion="6.2.19041.4957" ProductVersion="10.0.19041.4957"/><Module FullPath="C:\Windows\System32\bcrypt.dll" BaseAddress="0x76cd0000" Size="0x00019000" TimeStamp="11/15/2023 12:25:50" FileVersion="6.2.19041.3636" ProductVersion="10.0.19041.3636"/><Module FullPath="C:\Windows\System32\shlwapi.dll" BaseAddress="0x756f0000" Size="0x00045000" TimeStamp="05/15/2024 10:20:08" FileVersion="6.2.19041.4355" ProductVersion="10.0.19041.4355"/><Module FullPath="C:\Windows\System32\user32.dll" BaseAddress="0x762c0000" Size="0x0019d000" TimeStamp="11/13/2024 10:46:56" FileVersion="6.2.19041.5129" ProductVersion="10.0.19041.5129"/><Module FullPath="C:\Windows\System32\win32u.dll" BaseAddress="0x75e40000" Size="0x00018000" TimeStamp="11/13/2024 10:46:56" FileVersion="6.2.19041.5129" ProductVersion="10.0.19041.5129"/><Module FullPath="C:\Windows\System32\gdi32.dll" BaseAddress="0x75630000" Size="0x00023000" TimeStamp="06/13/2024 08:46:06" FileVersion="6.2.19041.4474" ProductVersion="10.0.19041.4474"/><Module FullPath="C:\Windows\System32\gdi32full.dll" BaseAddress="0x75ec0000" Size="0x000e5000" TimeStamp="10/10/2024 10:18:14" FileVersion="6.2.19041.5007" ProductVersion="10.0.19041.5007"/><Module FullPath="C:\Windows\System32\msvcp_win.dll" BaseAddress="0x76030000" Size="0x0007b000" TimeStamp="11/15/2023 12:25:49" FileVersion="6.2.19041.3636" ProductVersion="10.0.19041.3636"/><Module FullPath="C:\Windows\System32\ucrtbase.dll" BaseAddress="0x761a0000" Size="0x00120000" TimeStamp="11/15/2023 12:25:49" FileVersion="6.2.19041.3636" ProductVersion="10.0.19041.3636"/><Module FullPath="C:\Windows\System32\ole32.dll" BaseAddress="0x75740000" Size="0x000e3000" TimeStamp="05/15/2024 10:19:20" FileVersion="6.2.19041.4355" ProductVersion="10.0.19041.4355"/><Module FullPath="C:\Windows\System32\combase.dll" BaseAddress="0x75a90000" Size="0x00280000" TimeStamp="09/11/2024 10:50:46" FileVersion="6.2.19041.4894" ProductVersion="10.0.19041.4894"/><Module FullPath="C:\Windows\System32\oleaut32.dll" BaseAddress="0x759e0000" Size="0x00096000" TimeStamp="11/15/2023 12:25:54" FileVersion="6.2.19041.3636" ProductVersion="10.0.19041.3636"/><Module FullPath="C:\Windows\System32\shell32.dll" BaseAddress="0x77080000" Size="0x005da000" TimeStamp="11/13/2024 10:47:02" FileVersion="6.2.19041.5072" ProductVersion="10.0.19041.5072"/><Module FullPath="C:\Windows\System32\advapi32.dll" BaseAddress="0x77660000" Size="0x0007e000" TimeStamp="11/13/2024 10:46:49" FileVersion="6.2.19041.5072" ProductVersion="10.0.19041.5072"/><Module FullPath="C:\Windows\System32\uxtheme.dll" BaseAddress="0x72580000" Size="0x00074000" TimeStamp="11/13/2024 10:46:50" FileVersion="6.2.19041.5129" ProductVersion="10.0.19041.5129"/><Module FullPath="C:\Windows\System32\winmm.dll" BaseAddress="0x72e00000" Size="0x00028000" TimeStamp="11/15/2023 12:23:43" FileVersion="6.2.19041.3636" ProductVersion="10.0.19041.3636"/><Module FullPath="C:\Windows\System32\samcli.dll" BaseAddress="0x6af80000" Size="0x00015000" TimeStamp="11/15/2023 12:25:51" FileVersion="6.2.19041.3636" ProductVersion="10.0.19041.3636"/><Module FullPath="C:\Windows\System32\msacm32.dll" BaseAddress="0x56e90000" Size="0x00019000" TimeStamp="12/07/2019 17:09:11" FileVersion="6.2.19041.1" ProductVersion="10.0.19041.1"/><Module FullPath="C:\Windows\System32\version.dll" BaseAddress="0x75620000" Size="0x00008000" TimeStamp="11/15/2023 12:26:59" FileVersion="6.2.19041.3636" ProductVersion="10.0.19041.3636"/><Module FullPath="C:\Windows\System32\userenv.dll" BaseAddress="0x755f0000" Size="0x00025000" TimeStamp="05/15/2024 10:19:24" FileVersion="6.2.19041.4355" ProductVersion="10.0.19041.4355"/><Module FullPath="C:\Windows\System32\dwmapi.dll" BaseAddress="0x724c0000" Size="0x00026000" TimeStamp="05/15/2024 10:19:21" FileVersion="6.2.19041.4355" ProductVersion="10.0.19041.4355"/><Module FullPath="C:\Windows\System32\urlmon.dll" BaseAddress="0x6e030000" Size="0x001a9000" TimeStamp="11/13/2024 10:47:00" FileVersion="11.0.19041.5072" ProductVersion="11.0.19041.5072"/><Module FullPath="C:\Windows\System32\winspool.drv" BaseAddress="0x73080000" Size="0x0007d000" TimeStamp="07/10/2024 14:39:38" FileVersion="6.2.19041.4597" ProductVersion="10.0.19041.4597"/><Module FullPath="C:\Windows\System32\SHCore.dll" BaseAddress="0x75660000" Size="0x00087000" TimeStamp="06/13/2024 08:46:10" FileVersion="6.2.19041.4522" ProductVersion="10.0.19041.4522"/><Module FullPath="C:\Windows\System32\mpr.dll" BaseAddress="0x73cd0000" Size="0x00019000" TimeStamp="11/15/2023 12:25:57" FileVersion="6.2.19041.3636" ProductVersion="10.0.19041.3636"/><Module FullPath="C:\Windows\System32\sspicli.dll" BaseAddress="0x72dc0000" Size="0x00021000" TimeStamp="04/11/2024 08:23:34" FileVersion="6.2.19041.4239" ProductVersion="10.0.19041.4239"/><Module FullPath="C:\Windows\System32\winmmbase.dll" BaseAddress="0x658b0000" Size="0x0001d000" TimeStamp="12/07/2019 17:09:11" FileVersion="6.2.19041.1" ProductVersion="10.0.19041.1"/><Module FullPath="C:\Windows\System32\iertutil.dll" BaseAddress="0x6ddf0000" Size="0x00237000" TimeStamp="11/13/2024 10:47:00" FileVersion="11.0.19041.5072" ProductVersion="11.0.19041.5072"/><Module FullPath="C:\Windows\System32\srvcli.dll" BaseAddress="0x717e0000" Size="0x0001d000" TimeStamp="11/15/2023 12:25:53" FileVersion="6.2.19041.3636" ProductVersion="10.0.19041.3636"/><Module FullPath="C:\Windows\System32\netutils.dll" BaseAddress="0x747b0000" Size="0x0000b000" TimeStamp="11/15/2023 12:25:52" FileVersion="6.2.19041.3636" ProductVersion="10.0.19041.3636"/><Module FullPath="C:\Windows\System32\imm32.dll" BaseAddress="0x76560000" Size="0x00025000" TimeStamp="06/13/2024 08:46:13" FileVersion="6.2.19041.4474" ProductVersion="10.0.19041.4474"/><Module FullPath="C:\Windows\System32\imagehlp.dll" BaseAddress="0x76130000" Size="0x00019000" TimeStamp="11/15/2023 12:20:28" FileVersion="6.2.19041.3636" ProductVersion="10.0.19041.3636"/><Module FullPath="C:\Windows\System32\comdlg32.dll" BaseAddress="0x75830000" Size="0x000af000" TimeStamp="05/15/2024 10:20:07" FileVersion="6.2.19041.4355" ProductVersion="10.0.19041.4355"/><Module FullPath="C:\Windows\System32\ws2_32.dll" BaseAddress="0x75dd0000" Size="0x00063000" TimeStamp="11/15/2023 12:23:53" FileVersion="6.2.19041.3636" ProductVersion="10.0.19041.3636"/><Module FullPath="C:\Windows\System32\wininet.dll" BaseAddress="0x74810000" Size="0x00456000" TimeStamp="08/15/2024 10:50:01" FileVersion="11.0.19041.4717" ProductVersion="11.0.19041.4717"/><Module FullPath="C:\Program Files (x86)\Generalplus\unSPIDE 4.0.6\source_analyzer.dll" BaseAddress="0x10000000" Size="0x002d8000" TimeStamp="07/03/2023 15:04:54" FileVersion="0.0.0.0" ProductVersion="0.0.0.0"/><Module FullPath="C:\Windows\System32\wsock32.dll" BaseAddress="0x73520000" Size="0x00008000" TimeStamp="12/07/2019 17:09:15" FileVersion="6.2.19041.1" ProductVersion="10.0.19041.1"/><Module FullPath="C:\Windows\WinSxS\x86_microsoft.windows.common-controls_6595b64144ccf1df_6.0.19041.4355_none_a865f0c28672571c\comctl32.dll" BaseAddress="0x73610000" Size="0x00210000" TimeStamp="05/08/2024 14:48:56" FileVersion="6.10.19041.4355" ProductVersion="10.0.19041.4355"/><Module FullPath="C:\Windows\System32\oledlg.dll" BaseAddress="0x72c30000" Size="0x0002c000" TimeStamp="05/15/2024 10:19:21" FileVersion="6.2.19041.4355" ProductVersion="10.0.19041.4355"/><Module FullPath="C:\Program Files (x86)\Generalplus\unSPIDE 4.0.6\CrashRpt.dll" BaseAddress="0x028b0000" Size="0x00043000" TimeStamp="12/08/2014 11:45:02" FileVersion="3.1.2.3" ProductVersion="3.1.2.3"/><Module FullPath="C:\Windows\System32\dbghelp.dll" BaseAddress="0x73fd0000" Size="0x00188000" TimeStamp="02/19/2024 10:27:30" FileVersion="6.2.19041.3996" ProductVersion="10.0.19041.3996"/><Module FullPath="C:\Windows\System32\dbgcore.dll" BaseAddress="0x739d0000" Size="0x0002b000" TimeStamp="05/15/2024 10:19:26" FileVersion="6.2.19041.4355" ProductVersion="10.0.19041.4355"/><Module FullPath="C:\Windows\System32\kernel.appcore.dll" BaseAddress="0x746d0000" Size="0x0000f000" TimeStamp="12/13/2023 11:25:45" FileVersion="6.2.19041.3758" ProductVersion="10.0.19041.3758"/><Module FullPath="C:\Windows\System32\bcryptPrimitives.dll" BaseAddress="0x76e70000" Size="0x0005f000" TimeStamp="10/10/2024 10:17:39" FileVersion="6.2.19041.5007" ProductVersion="10.0.19041.5007"/><Module FullPath="C:\Windows\System32\msctf.dll" BaseAddress="0x76cf0000" Size="0x000d4000" TimeStamp="10/10/2024 10:18:01" FileVersion="6.2.19041.5007" ProductVersion="10.0.19041.5007"/><Module FullPath="C:\Windows\System32\TextShaping.dll" BaseAddress="0x5af20000" Size="0x00097000" TimeStamp="10/10/2024 10:18:04" FileVersion="0.0.0.0" ProductVersion="0.0.0.0"/><Module FullPath="C:\Windows\System32\clbcatq.dll" BaseAddress="0x75fb0000" Size="0x0007e000" TimeStamp="11/15/2023 12:25:46" FileVersion="2001.12.10941.16384" ProductVersion="10.0.19041.3636"/><Module FullPath="C:\Windows\System32\dataexchange.dll" BaseAddress="0x6af20000" Size="0x00031000" TimeStamp="05/15/2024 10:18:23" FileVersion="6.2.19041.4355" ProductVersion="10.0.19041.4355"/><Module FullPath="C:\Windows\System32\dcomp.dll" BaseAddress="0x6adb0000" Size="0x00165000" TimeStamp="07/10/2024 14:39:55" FileVersion="6.2.19041.4597" ProductVersion="10.0.19041.4597"/><Module FullPath="C:\Windows\System32\d3d11.dll" BaseAddress="0x6f0a0000" Size="0x001e0000" TimeStamp="05/15/2024 10:18:33" FileVersion="6.2.19041.4355" ProductVersion="10.0.19041.4355"/><Module FullPath="C:\Windows\System32\dxgi.dll" BaseAddress="0x705e0000" Size="0x000c5000" TimeStamp="11/13/2024 10:46:53" FileVersion="6.2.19041.5072" ProductVersion="10.0.19041.5072"/><Module FullPath="C:\Windows\System32\twinapi.appcore.dll" BaseAddress="0x6ac10000" Size="0x00191000" TimeStamp="07/10/2024 14:39:51" FileVersion="6.2.19041.4597" ProductVersion="10.0.19041.4597"/><Module FullPath="C:\Windows\System32\textinputframework.dll" BaseAddress="0x71d30000" Size="0x000b9000" TimeStamp="07/10/2024 14:39:48" FileVersion="6.2.19041.4651" ProductVersion="10.0.19041.4651"/><Module FullPath="C:\Windows\System32\CoreMessaging.dll" BaseAddress="0x70880000" Size="0x0009b000" TimeStamp="06/13/2024 08:46:11" FileVersion="6.2.19041.4474" ProductVersion="10.0.19041.4474"/><Module FullPath="C:\Windows\System32\CoreUIComponents.dll" BaseAddress="0x70360000" Size="0x0027f000" TimeStamp="11/15/2023 12:24:46" FileVersion="6.2.19041.3636" ProductVersion="10.0.19041.3636"/><Module FullPath="C:\Windows\System32\ntmarta.dll" BaseAddress="0x746a0000" Size="0x00029000" TimeStamp="11/15/2023 12:25:53" FileVersion="6.2.19041.3636" ProductVersion="10.0.19041.3636"/><Module FullPath="C:\Windows\System32\WinTypes.dll" BaseAddress="0x72b50000" Size="0x000dd000" TimeStamp="08/15/2024 10:49:59" FileVersion="6.2.19041.4717" ProductVersion="10.0.19041.4717"/><Module FullPath="C:\Windows\System32\oleacc.dll" BaseAddress="0x72e30000" Size="0x00053000" TimeStamp="11/15/2023 12:26:48" FileVersion="7.2.19041.3636" ProductVersion="10.0.19041.3636"/><Module FullPath="C:\Windows\System32\riched20.dll" BaseAddress="0x72750000" Size="0x0007a000" TimeStamp="12/07/2019 17:09:32" FileVersion="5.31.23.1231" ProductVersion="5.0.0.0"/><Module FullPath="C:\Windows\System32\usp10.dll" BaseAddress="0x72c90000" Size="0x00017000" TimeStamp="11/15/2023 12:26:05" FileVersion="6.2.19041.3636" ProductVersion="10.0.19041.3636"/><Module FullPath="C:\Windows\System32\msls31.dll" BaseAddress="0x715c0000" Size="0x00031000" TimeStamp="10/12/2023 11:09:13" FileVersion="3.10.349.0" ProductVersion="3.10.0.0"/><Module FullPath="C:\Windows\System32\windows.storage.dll" BaseAddress="0x74f10000" Size="0x00618000" TimeStamp="11/13/2024 10:46:55" FileVersion="6.2.19041.5072" ProductVersion="10.0.19041.5072"/><Module FullPath="C:\Windows\System32\wldp.dll" BaseAddress="0x74ee0000" Size="0x00025000" TimeStamp="08/15/2024 10:49:58" FileVersion="6.2.19041.4780" ProductVersion="10.0.19041.4780"/><Module FullPath="C:\Windows\System32\cfgmgr32.dll" BaseAddress="0x77040000" Size="0x0003b000" TimeStamp="02/19/2024 10:27:30" FileVersion="6.2.19041.3996" ProductVersion="10.0.19041.3996"/><Module FullPath="C:\Windows\System32\propsys.dll" BaseAddress="0x719b0000" Size="0x000c2000" TimeStamp="05/15/2024 10:19:01" FileVersion="7.0.19041.4355" ProductVersion="7.0.19041.4355"/><Module FullPath="C:\Windows\System32\profapi.dll" BaseAddress="0x744a0000" Size="0x0001b000" TimeStamp="05/15/2024 10:17:34" FileVersion="6.2.19041.4355" ProductVersion="10.0.19041.4355"/><Module FullPath="C:\Windows\System32\WindowsCodecs.dll" BaseAddress="0x6a980000" Size="0x00171000" TimeStamp="11/13/2024 10:46:54" FileVersion="6.2.19041.5129" ProductVersion="10.0.19041.5129"/><Module FullPath="C:\Windows\System32\thumbcache.dll" BaseAddress="0x56df0000" Size="0x00048000" TimeStamp="05/15/2024 10:18:26" FileVersion="6.2.19041.4355" ProductVersion="10.0.19041.4355"/><Module FullPath="C:\Program Files (x86)\Generalplus\unSPIDE 4.0.6\dll\GPIDEBinPackerDll.dll" BaseAddress="0x56da0000" Size="0x0004e000" TimeStamp="07/03/2023 15:05:46" FileVersion="0.0.0.0" ProductVersion="0.0.0.0"/><Module FullPath="C:\Windows\System32\mswsock.dll" BaseAddress="0x73bd0000" Size="0x00052000" TimeStamp="11/15/2023 12:25:49" FileVersion="6.2.19041.3636" ProductVersion="10.0.19041.3636"/><Module FullPath="C:\Windows\System32\NapiNSP.dll" BaseAddress="0x73ca0000" Size="0x00011000" TimeStamp="11/15/2023 12:24:28" FileVersion="6.2.19041.3636" ProductVersion="10.0.19041.3636"/><Module FullPath="C:\Windows\System32\pnrpnsp.dll" BaseAddress="0x73c80000" Size="0x00016000" TimeStamp="11/15/2023 12:31:50" FileVersion="6.2.19041.3636" ProductVersion="10.0.19041.3636"/><Module FullPath="C:\Windows\System32\wshbth.dll" BaseAddress="0x73c50000" Size="0x00010000" TimeStamp="11/15/2023 12:25:30" FileVersion="6.2.19041.3636" ProductVersion="10.0.19041.3636"/><Module FullPath="C:\Windows\System32\nlaapi.dll" BaseAddress="0x73c30000" Size="0x00016000" TimeStamp="11/15/2023 12:26:48" FileVersion="6.2.19041.3636" ProductVersion="10.0.19041.3636"/><Module FullPath="C:\Windows\System32\IPHLPAPI.DLL" BaseAddress="0x74de0000" Size="0x00032000" TimeStamp="11/15/2023 12:25:49" FileVersion="6.2.19041.3636" ProductVersion="10.0.19041.3636"/><Module FullPath="C:\Windows\System32\dnsapi.dll" BaseAddress="0x73a60000" Size="0x00090000" TimeStamp="06/13/2024 08:46:11" FileVersion="6.2.19041.4474" ProductVersion="10.0.19041.4474"/><Module FullPath="C:\Windows\System32\nsi.dll" BaseAddress="0x758e0000" Size="0x00007000" TimeStamp="11/15/2023 12:20:28" FileVersion="6.2.19041.3636" ProductVersion="10.0.19041.3636"/><Module FullPath="C:\Windows\System32\winrnr.dll" BaseAddress="0x739a0000" Size="0x0000e000" TimeStamp="11/15/2023 12:26:09" FileVersion="6.2.19041.3636" ProductVersion="10.0.19041.3636"/><Module FullPath="C:\Windows\System32\FWPUCLNT.DLL" BaseAddress="0x73920000" Size="0x00058000" TimeStamp="03/13/2024 14:43:44" FileVersion="6.2.19041.4123" ProductVersion="10.0.19041.4123"/><Module FullPath="C:\Windows\System32\rasadhlp.dll" BaseAddress="0x738f0000" Size="0x00008000" TimeStamp="11/15/2023 12:26:53" FileVersion="6.2.19041.3636" ProductVersion="10.0.19041.3636"/><Module FullPath="C:\Program Files (x86)\Generalplus\unSPIDE 4.0.6\CipherUtil.dll" BaseAddress="0x039e0000" Size="0x00025000" TimeStamp="12/08/2014 11:45:02" FileVersion="0.0.0.0" ProductVersion="0.0.0.0"/><Module FullPath="C:\Windows\System32\coml2.dll" BaseAddress="0x75d10000" Size="0x0005e000" TimeStamp="05/15/2024 10:19:04" FileVersion="6.2.19041.4355" ProductVersion="10.0.19041.4355"/><Module FullPath="C:\Program Files (x86)\Generalplus\unSPIDE 4.0.6\GPLibraryTagDll.dll" BaseAddress="0x56c00000" Size="0x00063000" TimeStamp="07/03/2023 15:02:34" FileVersion="4.0.6.0" ProductVersion="4.0.6.0"/><Module FullPath="C:\Windows\System32\ondemandconnroutehelper.dll" BaseAddress="0x73820000" Size="0x00012000" TimeStamp="05/15/2024 10:18:18" FileVersion="6.2.19041.4355" ProductVersion="10.0.19041.4355"/><Module FullPath="C:\Windows\System32\winhttp.dll" BaseAddress="0x73b00000" Size="0x000cb000" TimeStamp="08/15/2024 10:49:59" FileVersion="6.2.19041.4717" ProductVersion="10.0.19041.4717"/><Module FullPath="C:\Windows\System32\winnsi.dll" BaseAddress="0x72df0000" Size="0x00008000" TimeStamp="11/15/2023 12:20:28" FileVersion="6.2.19041.3636" ProductVersion="10.0.19041.3636"/><Module FullPath="C:\Program Files (x86)\Generalplus\unSPIDE 4.0.6\GPWebSiteApplication.dll" BaseAddress="0x50170000" Size="0x0008b000" TimeStamp="07/03/2023 15:02:40" FileVersion="4.0.6.0" ProductVersion="4.0.6.0"/><Module FullPath="C:\Windows\System32\schannel.dll" BaseAddress="0x72500000" Size="0x0007e000" TimeStamp="10/10/2024 10:18:12" FileVersion="6.2.19041.5007" ProductVersion="10.0.19041.5007"/><Module FullPath="C:\Windows\System32\mskeyprotect.dll" BaseAddress="0x724f0000" Size="0x00010000" TimeStamp="11/15/2023 12:25:17" FileVersion="6.2.19041.3636" ProductVersion="10.0.19041.3636"/><Module FullPath="C:\Windows\System32\ntasn1.dll" BaseAddress="0x72490000" Size="0x00028000" TimeStamp="11/15/2023 12:25:52" FileVersion="6.2.19041.3636" ProductVersion="10.0.19041.3636"/><Module FullPath="C:\Windows\System32\crypt32.dll" BaseAddress="0x76460000" Size="0x000fe000" TimeStamp="11/13/2024 10:46:58" FileVersion="6.2.19041.5072" ProductVersion="10.0.19041.5072"/><Module FullPath="C:\Windows\System32\msasn1.dll" BaseAddress="0x73cc0000" Size="0x0000e000" TimeStamp="11/15/2023 12:25:52" FileVersion="6.2.19041.3636" ProductVersion="10.0.19041.3636"/><Module FullPath="C:\Windows\System32\dpapi.dll" BaseAddress="0x71cf0000" Size="0x00008000" TimeStamp="11/15/2023 12:25:51" FileVersion="6.2.19041.3636" ProductVersion="10.0.19041.3636"/><Module FullPath="C:\Windows\System32\wintrust.dll" BaseAddress="0x76150000" Size="0x0004d000" TimeStamp="10/10/2024 10:18:08" FileVersion="6.2.19041.4957" ProductVersion="10.0.19041.4957"/><Module FullPath="C:\Windows\System32\cryptsp.dll" BaseAddress="0x743f0000" Size="0x00013000" TimeStamp="11/15/2023 12:25:50" FileVersion="6.2.19041.3636" ProductVersion="10.0.19041.3636"/><Module FullPath="C:\Windows\System32\rsaenh.dll" BaseAddress="0x743c0000" Size="0x0002f000" TimeStamp="11/15/2023 12:25:52" FileVersion="6.2.19041.3636" ProductVersion="10.0.19041.3636"/><Module FullPath="C:\Windows\System32\CRYPTBASE.dll" BaseAddress="0x74390000" Size="0x0000a000" TimeStamp="11/15/2023 12:23:52" FileVersion="6.2.19041.3636" ProductVersion="10.0.19041.3636"/><Module FullPath="C:\Windows\System32\cryptnet.dll" BaseAddress="0x73a30000" Size="0x00026000" TimeStamp="11/15/2023 12:25:50" FileVersion="6.2.19041.3636" ProductVersion="10.0.19041.3636"/><Module FullPath="C:\Windows\System32\dhcpcsvc6.DLL" BaseAddress="0x73980000" Size="0x00014000" TimeStamp="11/15/2023 12:25:49" FileVersion="6.2.19041.3636" ProductVersion="10.0.19041.3636"/><Module FullPath="C:\Windows\System32\dhcpcsvc.dll" BaseAddress="0x743a0000" Size="0x00016000" TimeStamp="11/15/2023 12:25:49" FileVersion="6.2.19041.3636" ProductVersion="10.0.19041.3636"/><Module FullPath="C:\Windows\System32\webio.dll" BaseAddress="0x72e90000" Size="0x00073000" TimeStamp="11/15/2023 12:25:53" FileVersion="6.2.19041.3636" ProductVersion="10.0.19041.3636"/><Module FullPath="C:\Windows\System32\ncrypt.dll" BaseAddress="0x72400000" Size="0x00021000" TimeStamp="10/10/2024 10:18:12" FileVersion="6.2.19041.5007" ProductVersion="10.0.19041.5007"/><Module FullPath="C:\Windows\System32\ncryptsslp.dll" BaseAddress="0x723d0000" Size="0x0001f000" TimeStamp="11/15/2023 12:25:52" FileVersion="6.2.19041.3636" ProductVersion="10.0.19041.3636"/><Module FullPath="C:\Windows\System32\ieframe.dll" BaseAddress="0x58610000" Size="0x00641000" TimeStamp="11/13/2024 10:47:30" FileVersion="11.0.19041.5129" ProductVersion="11.0.19041.5129"/><Module FullPath="C:\Windows\System32\netapi32.dll" BaseAddress="0x747f0000" Size="0x00014000" TimeStamp="11/15/2023 12:24:20" FileVersion="6.2.19041.3636" ProductVersion="10.0.19041.3636"/><Module FullPath="C:\Windows\System32\wkscli.dll" BaseAddress="0x74790000" Size="0x00011000" TimeStamp="11/15/2023 12:25:54" FileVersion="6.2.19041.3636" ProductVersion="10.0.19041.3636"/><Module FullPath="C:\Windows\System32\msIso.dll" BaseAddress="0x5b5a0000" Size="0x00048000" TimeStamp="11/13/2024 10:47:00" FileVersion="11.0.19041.5072" ProductVersion="11.0.19041.5072"/><Module FullPath="C:\Windows\System32\mshtml.dll" BaseAddress="0x573b0000" Size="0x01254000" TimeStamp="11/13/2024 10:47:29" FileVersion="11.0.19041.5129" ProductVersion="11.0.19041.5129"/><Module FullPath="C:\Windows\System32\powrprof.dll" BaseAddress="0x72440000" Size="0x00044000" TimeStamp="11/15/2023 12:25:53" FileVersion="6.2.19041.3636" ProductVersion="10.0.19041.3636"/><Module FullPath="C:\Windows\System32\umpdc.dll" BaseAddress="0x72430000" Size="0x0000d000" TimeStamp="11/15/2023 12:25:13" FileVersion="0.0.0.0" ProductVersion="0.0.0.0"/><Module FullPath="C:\Windows\System32\srpapi.dll" BaseAddress="0x57380000" Size="0x00025000" TimeStamp="05/15/2024 10:19:18" FileVersion="6.2.19041.4355" ProductVersion="10.0.19041.4355"/><Module FullPath="C:\Windows\System32\mlang.dll" BaseAddress="0x706e0000" Size="0x00034000" TimeStamp="11/15/2023 12:26:36" FileVersion="6.2.19041.3636" ProductVersion="10.0.19041.3636"/><Module FullPath="C:\Windows\System32\ieapfltr.dll" BaseAddress="0x572c0000" Size="0x000bd000" TimeStamp="05/15/2024 10:23:18" FileVersion="11.0.19041.4355" ProductVersion="11.0.19041.4355"/><Module FullPath="C:\Windows\System32\msimtf.dll" BaseAddress="0x689f0000" Size="0x0000e000" TimeStamp="12/07/2019 17:09:13" FileVersion="6.2.19041.1" ProductVersion="10.0.19041.1"/><Module FullPath="C:\Windows\System32\d2d1.dll" BaseAddress="0x6f280000" Size="0x00515000" TimeStamp="05/15/2024 10:18:32" FileVersion="6.2.19041.4355" ProductVersion="10.0.19041.4355"/><Module FullPath="C:\Windows\System32\DWrite.dll" BaseAddress="0x6dac0000" Size="0x0020c000" TimeStamp="05/15/2024 10:18:33" FileVersion="6.2.19041.4355" ProductVersion="10.0.19041.4355"/><Module FullPath="C:\Windows\System32\DXCore.dll" BaseAddress="0x707f0000" Size="0x0002c000" TimeStamp="06/13/2024 08:46:09" FileVersion="6.2.19041.4474" ProductVersion="10.0.19041.4474"/><Module FullPath="C:\Windows\System32\secur32.dll" BaseAddress="0x71d10000" Size="0x0000a000" TimeStamp="11/15/2023 12:26:48" FileVersion="6.2.19041.3636" ProductVersion="10.0.19041.3636"/><Module FullPath="C:\Windows\System32\virtdisk.dll" BaseAddress="0x73a00000" Size="0x0000f000" TimeStamp="11/15/2023 12:25:34" FileVersion="6.2.19041.3636" ProductVersion="10.0.19041.3636"/><Module FullPath="C:\Windows\System32\fltLib.dll" BaseAddress="0x739b0000" Size="0x00008000" TimeStamp="11/15/2023 12:25:57" FileVersion="6.2.19041.3636" ProductVersion="10.0.19041.3636"/><Module FullPath="C:\Windows\System32\jscript9.dll" BaseAddress="0x56f00000" Size="0x003b6000" TimeStamp="08/15/2024 10:50:34" FileVersion="11.0.19041.4780" ProductVersion="11.0.19041.4780"/><Module FullPath="C:\Windows\System32\windowscodecsext.dll" BaseAddress="0x56d60000" Size="0x0003b000" TimeStamp="11/15/2023 12:24:49" FileVersion="6.2.19041.3636" ProductVersion="10.0.19041.3636"/><Module FullPath="C:\Windows\System32\msxml6.dll" BaseAddress="0x6b510000" Size="0x001dd000" TimeStamp="05/15/2024 10:19:11" FileVersion="6.30.19041.4355" ProductVersion="6.30.19041.4355"/><Module FullPath="C:\Windows\System32\d3d10warp.dll" BaseAddress="0x6ead0000" Size="0x005c2000" TimeStamp="05/15/2024 10:18:34" FileVersion="6.2.19041.4355" ProductVersion="10.0.19041.4355"/><Module FullPath="C:\Windows\System32\sxs.dll" BaseAddress="0x68a00000" Size="0x00087000" TimeStamp="11/15/2023 12:24:05" FileVersion="6.2.19041.3636" ProductVersion="10.0.19041.3636"/><Module FullPath="C:\Windows\SysWOW64\psapi.dll" BaseAddress="0x76e60000" Size="0x00006000" TimeStamp="11/15/2023 12:25:38" FileVersion="6.2.19041.3636" ProductVersion="10.0.19041.3636"/><Module FullPath="C:\Windows\System32\wow64cpu.dll" BaseAddress="0x777a0000" Size="0x0000a000" TimeStamp="01/01/1601 00:00:00" FileVersion="10.0.19041.3636" ProductVersion="10.0.19041.3636"/></Modules><CallStack><Frame FrameNumber="1" ReturnAddress="0x49b79c" ModuleName="C:\Program Files (x86)\Generalplus\unSPIDE 4.0.6\unspIDE.exe"/><Frame FrameNumber="2" ReturnAddress="0x49c37a" ModuleName="C:\Program Files (x86)\Generalplus\unSPIDE 4.0.6\unspIDE.exe"/></CallStack></Exception>
